-- inserting data into customer table (Email, Name, Age)
insert into customer values('j.s@mail.com', 'Sofia Jan', 24);
insert into customer values('a.n@mail.com', 'Atena Najm', 39);
insert into customer values('y.c@mail.com', 'Yu Chang', 42);
insert into customer values('r.k@mail.com', 'Ryan King', 52);
insert into customer values( 't.g@gmail.com',  'Thomas George', 34 );
insert into customer values( 'ma.smith@mail.com',  'Marie Smith', 22 );
insert into customer values( 'jj.swtz@mail.com',  'Jonah Swartz', 28 );
insert into customer values( 'terry.su@mail.com',  'Terry Su', 31 );
insert into customer values( 'dchen@mail.com',  'David Chen', 45 );
insert into customer values( 'cyngu@mail.com',  'Cynthia Nguyen', 27 );
insert into customer values( 'malik_aa@mail.com',  'Malik Abdullah', 27 );
insert into customer values( 'jparki@mail.com',  'John Parkinson', 33 );
insert into customer values( 'orlows@mail.com',  'Stan Orlowski', 26 );
insert into customer values( 's.hilbert@mail.com',  'Sanja Hilbert', 23 );
insert into customer values( 'shenian@mail.com',  'Ian Hsu', 41 );

-- inserting data into model table (id, name, type, model, cap)
insert into model values(1,  'BMW X5',  'SUV' , 415, 5 );
insert into model values(2,  'Mercedes E400',  'Luxury' , 1848, 4 );
insert into model values(3,  'Chevrolet Spark',  'Economy' , 1521, 4 );
insert into model values(4,  'Dodge Grand Caravan',  'Mini Van' , 2210, 7 );
insert into model values(5,  'Chevrolet Suburban',  'SUV' , 1121, 8 );
insert into model values(6,  'Toyota Inception',  'Sports' , 1631, 2 );
insert into model values(7,  'Volvo V231',  'Economy' , 1737, 4 );
insert into model values(8,  'Kia T21',  'Economy' , 1221, 4 );

-- inserting data into rentalstation table (id, name, address, area code, city)
insert into rentalstation values(1001,  'SuperCar College',  '333 College St' ,  'M5T1P7',  'Toronto' );
insert into rentalstation values(1002,  'SuperCar Billy Bishop Airport',  '200 Spadina Ave' ,  'M5V1A1',  'Toronto' );
insert into rentalstation values(1003,  'SuperCar York',  '220 Eglinton St' ,  'M6E2G8',  'Toronto' );
insert into rentalstation values(1004,  'SuperCar East Toronto',  '200 Richmond St E' ,  'M5A2P2',  'Toronto' );
insert into rentalstation values(1005,  'SuperCar Parliament',  '200 Wellington St' ,  'K1A0G9',  'Ottawa' );
insert into rentalstation values(1006,  'SuperCar Ottawa Airport',  '216 Airport Rd' ,  'K1V9B4',  'Ottawa' );
insert into rentalstation values(1007,  'SuperCar Central Station',  '895 Rue Mansfield' ,  'H3B4G1',  'Montreal' );
insert into rentalstation values(1008,  'SuperCar North Montreal',  '2351 Rue Masson' ,  'H1Y1V8',  'Montreal' );
insert into rentalstation values(1009,  'SuperCar West Montreal',  '7000 Avenue Van Horne' ,  'H3S2B2',  'Montreal' );

-- inserting data into car table (id, license, station, model)
insert into car values(101,  'torc566', 1001 , 1 );
insert into car values(102,  'torc212', 1001 , 8 );
insert into car values(103,  'torc631', 1001 , 7 );
insert into car values(104,  'torc522', 1001 , 4 );
insert into car values(105,  'torbb10', 1002 , 2 );
insert into car values(106,  'torbb11', 1002 , 7 );
insert into car values(107,  'torbb12', 1002 , 8 );
insert into car values(108,  'tory011', 1003 , 3 );
insert into car values(109,  'tory016', 1003 , 4 );
insert into car values(110,  'tory017', 1003 , 5 );
insert into car values(111,  'tore101', 1004 , 5 );
insert into car values(112,  'tore102', 1004 , 7 );
insert into car values(113,  'ottp111', 1005 , 2 );
insert into car values(114,  'ottp112', 1005 , 7 );
insert into car values(115,  'ottp113', 1005 , 8 );
insert into car values(116,  'otta101', 1006 , 1 );
insert into car values(117,  'otta102', 1006 , 7 );
insert into car values(118,  'otta103', 1006 , 6 );
insert into car values(119,  'mocs300', 1007 , 3 );
insert into car values(120,  'mocs302', 1007 , 7 );
insert into car values(121,  'mocs303', 1007 , 7 );
insert into car values(122,  'mono201', 1008 , 8 );
insert into car values(123,  'mono202', 1008 , 4 );
insert into car values(124,  'mono203', 1008 , 5 );
insert into car values(125,  'mowe501', 1009 , 8 );
insert into car values(126,  'mowe502', 1009 , 8 );
insert into car values(127,  'mowe503', 1009 , 7 );
insert into car values(128,  'mowe504', 1009 , 1 );

-- inserting data into reservation table (id, from, to, car_id, old_res, status)
insert into reservation values(22001,'2017-09-01 09:00:00','2017-09-03 17:00:00',101,NULL,'Completed');
insert into reservation values(22002,'2018-03-17 16:00:00','2018-03-25 16:00:00', 101,NULL ,'Cancelled');
insert into reservation values(22003,'2018-03-19 10:00:00','2018-03-23 20:00:00',101 , 22002,'Confirmed');
insert into reservation values(22004,'2018-03-01 08:00:00','2018-03-10 20:00:00',101 , NULL,'Ongoing');
insert into reservation values(22005,'2017-12-15 13:30:00','2017-12-25 18:00:00',101 ,NULL ,'Completed');
insert into reservation values(22006,'2017-11-01 06:00:00','2017-11-04 12:00:00',102 ,NULL ,'Completed');
insert into reservation values(22007,'2018-02-23 10:00:00','2018-03-05 17:00:00',102 ,NULL ,'Cancelled');
insert into reservation values(22008,'2018-03-10 10:00:00','2018-03-16 20:00:00',102 ,22007 ,'Confirmed');
insert into reservation values(22009,'2018-02-25 09:00:00','2018-03-10 21:00:00',103 ,NULL ,'Ongoing');
insert into reservation values(22010,'2017-12-09 14:00:00','2017-12-11 17:00:00',103 ,NULL ,'Completed');
insert into reservation values(22011,'2018-02-01 08:00:00','2018-02-05 16:00:00',104 ,NULL ,'Cancelled');
insert into reservation values(22012,'2017-12-25 09:00:00','2018-01-05 19:00:00',106 ,NULL ,'Completed');
insert into reservation values(22013,'2018-04-23 09:00:00','2018-05-01 14:00:00',106 ,NULL ,'Confirmed');
insert into reservation values(22014,'2018-02-19 08:00:00','2018-02-23 20:00:00', 107,NULL ,'Cancelled');
insert into reservation values(22015,'2018-02-21 08:00:00','2018-03-10 20:00:00',107 ,22014 ,'Ongoing');
insert into reservation values(22016,'2017-10-09 08:00:00','2017-10-09 21:00:00',107 ,NULL ,'Completed');
insert into reservation values(22017,'2018-06-03 07:00:00','2018-06-20 15:00:00',107 ,NULL ,'Confirmed');
insert into reservation values(22018,'2018-01-14 09:00:00','2018-01-20 14:00:00',109 ,NULL ,'Cancelled');
insert into reservation values(22019,'2018-02-01 09:00:00','2018-02-03 16:00:00',111 ,NULL ,'Completed');
insert into reservation values(22020,'2018-02-26 06:00:00','2018-03-07 12:00:00',113 ,NULL ,'Cancelled');
insert into reservation values(22021,'2018-02-28 11:00:00','2018-03-08 23:00:00',113 ,22020 ,'Ongoing');
insert into reservation values(22022,'2017-07-02 09:00:00','2018-07-05 21:30:00',113 ,NULL ,'Completed');
insert into reservation values(22023,'2018-02-05 08:00:00','2018-02-08 18:00:00',114 ,NULL ,'Completed');
insert into reservation values(22024,'2018-04-02 16:00:00','2018-04-06 16:00:00',116 ,NULL ,'Confirmed');
insert into reservation values(22025,'2018-03-03 07:00:00','2018-03-15 23:30:00',116 ,NULL ,'Ongoing');
insert into reservation values(22026,'2018-01-01 07:00:00','2018-01-01 17:00:00',118 ,NULL ,'Completed');
insert into reservation values(22027,'2018-04-04 09:00:00','2018-04-06 15:00:00',119 ,NULL ,'Cancelled');
insert into reservation values(22028,'2018-02-14 13:00:00','2018-03-25 23:00:00',119 ,NULL ,'Ongoing');
insert into reservation values(22029,'2017-09-26 08:00:00','2017-10-03 20:00:00',119 ,NULL ,'Completed');
insert into reservation values(22030,'2018-03-26 10:00:00','2018-03-29 16:00:00',123 ,NULL ,'Confirmed');
insert into reservation values(22031,'2017-12-21 06:00:00','2017-12-28 22:00:00',124 ,NULL ,'Completed');
insert into reservation values(22032,'2017-09-22 16:00:00','2017-09-23 08:00:00',126 ,NULL ,'Cancelled');
insert into reservation values(22033,'2017-09-23 14:00:00','2017-09-23 17:00:00',126 ,22032 ,'Completed');
insert into reservation values(22034,'2018-01-01 22:00:00','2018-04-05 14:00:00',127 ,NULL ,'Ongoing');
insert into reservation values(22035,'2017-12-07 09:00:00','2017-12-13 12:00:00',127 ,NULL ,'Cancelled');
insert into reservation values(22036,'2018-03-24 10:00:00','2018-04-02 21:00:00',128 ,NULL ,'Confirmed');
insert into reservation values(22037,'2017-09-25 09:00:00','2017-09-27 20:00:00',103 ,NULL ,'Cancelled');
insert into reservation values(22038,'2017-09-25 09:00:00','2017-09-27 20:00:00',104 ,22037 ,'Completed');

-- inserting data into customer_reservation table (res_id, cust_email)
insert into customer_reservation values(22001,  'j.s@mail.com' );
insert into customer_reservation values(22001,  'terry.su@mail.com' );
insert into customer_reservation values(22002,  's.hilbert@mail.com' );
insert into customer_reservation values(22003,  's.hilbert@mail.com' );
insert into customer_reservation values(22004,  'dchen@mail.com' );
insert into customer_reservation values(22005,  'jj.swtz@mail.com' );
insert into customer_reservation values(22006,  'r.k@mail.com' );
insert into customer_reservation values(22006,  'cyngu@mail.com' );
insert into customer_reservation values(22007,  'ma.smith@mail.com' );
insert into customer_reservation values(22007,  'jparki@mail.com' );
insert into customer_reservation values(22008,  'ma.smith@mail.com' );
insert into customer_reservation values(22008,  'jparki@mail.com' );
insert into customer_reservation values(22009,  'orlows@mail.com' );
insert into customer_reservation values(22010,  'j.s@mail.com' );
insert into customer_reservation values(22011,  'malik_aa@mail.com' );
insert into customer_reservation values(22012,  'malik_aa@mail.com' );
insert into customer_reservation values(22013,  'jparki@mail.com' );
insert into customer_reservation values(22014,  'shenian@mail.com' );
insert into customer_reservation values(22015,  'shenian@mail.com' );
insert into customer_reservation values(22016,  'shenian@mail.com' );
insert into customer_reservation values(22017,  'shenian@mail.com' );
insert into customer_reservation values(22018,  'orlows@mail.com' );
insert into customer_reservation values(22019,  't.g@gmail.com' );
insert into customer_reservation values(22020,  't.g@gmail.com');
insert into customer_reservation values(22021,  't.g@gmail.com');
insert into customer_reservation values(22022,  'orlows@mail.com' );
insert into customer_reservation values(22023,  's.hilbert@mail.com' );
insert into customer_reservation values(22024,  's.hilbert@mail.com');
insert into customer_reservation values(22025,  'y.c@mail.com');
insert into customer_reservation values(22026,  'y.c@mail.com');
insert into customer_reservation values(22027,  'y.c@mail.com');
insert into customer_reservation values(22028,  'cyngu@mail.com' );
insert into customer_reservation values(22029,  'dchen@mail.com' );
insert into customer_reservation values(22030,  'shenian@mail.com' );
insert into customer_reservation values(22030,  'dchen@mail.com' );
insert into customer_reservation values(22030,  'y.c@mail.com' );
insert into customer_reservation values(22031,  't.g@gmail.com' );
insert into customer_reservation values(22032,  'malik_aa@mail.com' );
insert into customer_reservation values(22032,  'a.n@mail.com' );
insert into customer_reservation values(22033,  'malik_aa@mail.com' );
insert into customer_reservation values(22033,  'a.n@mail.com' );
insert into customer_reservation values(22034,  'terry.su@mail.com' );
insert into customer_reservation values(22035,  'jj.swtz@mail.com' );
insert into customer_reservation values(22036,  'cyngu@mail.com' );
insert into customer_reservation values(22037,  's.hilbert@mail.com');
insert into customer_reservation values(22038,  's.hilbert@mail.com' );